9032,1,,,null,,,2020-04-29,
0176,1,,,null,,,2020-04-29,
6510,1,,,null,,,2020-04-29,
9506,1,,,null,,,2020-04-29,
8686,1,,,null,,,2020-04-29,
3336,1,,,null,,,2020-04-29,
0871,1,,,null,,,2020-04-29,
1658,1,,,null,,,2020-04-29,
7906,1,333,322,null,323,null,2020-04-29,
8124,1,Jayden,Boss,null,jayden6830@gmail.com,null,2020-04-29,
Jayden,Boss,jayden6830@gmail.com,null,8537,1,null,2020-04-29,
Jayden,Boss,jayden6830@gmail.com,null,7969,1,null,2020-04-120,
qq,qq,qq,null,6111,1,null,2020-04-120,
212,2,2,null,0484,1,null,2020-04-29,
1,1,1,null,5,1,null,2020-04-29,
1,1,1,null,5835,1,null,2020-04-29,
1,1,1,null,5308,1,null,2020-04-29,
com.occamsrazor.web.admin.Admin@38e3906f
a,a,a,null,1914,1,null,2020-05-01,
